{
	"info": {
		"_postman_id": "486e7fda-1203-478f-8b99-3dfe7a131802",
		"name": "Prueva",
		"description": "# 🚀 Get started here\n\nThis template guides you through CRUD operations (GET, POST, PUT, DELETE), variables, and tests.\n\n## 🔖 **How to use this template**\n\n#### **Step 1: Send requests**\n\nRESTful APIs allow you to perform CRUD operations using the POST, GET, PUT, and DELETE HTTP methods.\n\nThis collection contains each of these [request](https://learning.postman.com/docs/sending-requests/requests/) types. Open each request and click \"Send\" to see what happens.\n\n#### **Step 2: View responses**\n\nObserve the response tab for status code (200 OK), response time, and size.\n\n#### **Step 3: Send new Body data**\n\nUpdate or add new data in \"Body\" in the POST request. Typically, Body data is also used in PUT request.\n\n```\n{\n    \"name\": \"Add your name in the body\"\n}\n\n ```\n\n#### **Step 4: Update the variable**\n\nVariables enable you to store and reuse values in Postman. We have created a [variable](https://learning.postman.com/docs/sending-requests/variables/) called `base_url` with the sample request [https://postman-api-learner.glitch.me](https://postman-api-learner.glitch.me). Replace it with your API endpoint to customize this collection.\n\n#### **Step 5: Add tests in the \"Scripts\" tab**\n\nAdding tests to your requests can help you confirm that your API is working as expected. You can write test scripts in JavaScript and view the output in the \"Test Results\" tab.\n\n<img src=\"https://content.pstmn.io/fa30ea0a-373d-4545-a668-e7b283cca343/aW1hZ2UucG5n\" alt=\"\" height=\"1530\" width=\"2162\">\n\n## 💪 Pro tips\n\n- Use folders to group related requests and organize the collection.\n    \n- Add more [scripts](https://learning.postman.com/docs/writing-scripts/intro-to-scripts/) to verify if the API works as expected and execute workflows.\n    \n\n## 💡Related templates\n\n[API testing basics](https://go.postman.co/redirect/workspace?type=personal&collectionTemplateId=e9a37a28-055b-49cd-8c7e-97494a21eb54&sourceTemplateId=ddb19591-3097-41cf-82af-c84273e56719)  \n[API documentation](https://go.postman.co/redirect/workspace?type=personal&collectionTemplateId=e9c28f47-1253-44af-a2f3-20dce4da1f18&sourceTemplateId=ddb19591-3097-41cf-82af-c84273e56719)  \n[Authorization methods](https://go.postman.co/redirect/workspace?type=personal&collectionTemplateId=31a9a6ed-4cdf-4ced-984c-d12c9aec1c27&sourceTemplateId=ddb19591-3097-41cf-82af-c84273e56719)",
		"schema": "https://schema.getpostman.com/json/collection/v2.0.0/collection.json",
		"_exporter_id": "32261889",
		"_collection_link": "https://www.postman.com/daniel541251625/workspace/hup/collection/32261889-486e7fda-1203-478f-8b99-3dfe7a131802?action=share&source=collection_link&creator=32261889"
	},
	"item": [
		{
			"name": "ENPmedios",
			"item": [
				{
					"name": "Get mediosEstudianteStudentBirdate",
					"event": [
						{
							"listen": "test",
							"script": {
								"exec": [
									"pm.test(\"Status code is 200\", function () {",
									"    pm.response.to.have.status(200);",
									"});"
								],
								"type": "text/javascript"
							}
						}
					],
					"request": {
						"method": "GET",
						"header": [],
						"url": {
							"raw": "{{base_url}}/info?id=1",
							"host": [
								"{{base_url}}"
							],
							"path": [
								"info"
							],
							"query": [
								{
									"key": "id",
									"value": "1"
								}
							]
						},
						"description": "esta pedicion get se encarga de traer a todos los estudiantes que tengan la misma fecha de cumpleaños"
					},
					"response": []
				},
				{
					"name": "Get mediosProfesorCourse",
					"event": [
						{
							"listen": "test",
							"script": {
								"exec": [
									"pm.test(\"Status code is 200\", function () {",
									"    pm.response.to.have.status(200);",
									"});"
								],
								"type": "text/javascript"
							}
						}
					],
					"request": {
						"method": "GET",
						"header": [],
						"url": {
							"raw": "{{base_url}}/info?id=1",
							"host": [
								"{{base_url}}"
							],
							"path": [
								"info"
							],
							"query": [
								{
									"key": "id",
									"value": "1"
								}
							]
						},
						"description": "esta pedicion get se encarga de traer a los cursos de un respectivo profesor segun el id del profesor"
					},
					"response": []
				},
				{
					"name": "Get mediosMatriculaStudenMatricule",
					"event": [
						{
							"listen": "test",
							"script": {
								"exec": [
									"pm.test(\"Status code is 200\", function () {",
									"    pm.response.to.have.status(200);",
									"});"
								],
								"type": "text/javascript"
							}
						}
					],
					"request": {
						"method": "GET",
						"header": [],
						"url": {
							"raw": "{{base_url}}/info?id=1",
							"host": [
								"{{base_url}}"
							],
							"path": [
								"info"
							],
							"query": [
								{
									"key": "id",
									"value": "1"
								}
							]
						},
						"description": "esta pedicion get se encarga de traer a los matriculas de un estudiante segun atarves de su id"
					},
					"response": []
				},
				{
					"name": "Get mediosCursoFiltraFecha",
					"event": [
						{
							"listen": "test",
							"script": {
								"exec": [
									"pm.test(\"Status code is 200\", function () {",
									"    pm.response.to.have.status(200);",
									"});"
								],
								"type": "text/javascript"
							}
						}
					],
					"request": {
						"method": "GET",
						"header": [],
						"url": {
							"raw": "{{base_url}}/info?id=1",
							"host": [
								"{{base_url}}"
							],
							"path": [
								"info"
							],
							"query": [
								{
									"key": "id",
									"value": "1"
								}
							]
						},
						"description": "esta pedicion get se encarga de traer a los cursos de un respectivo profesor segun el id del profesor"
					},
					"response": []
				}
			]
		},
		{
			"name": "Cursos",
			"item": [
				{
					"name": "Cursos",
					"request": {
						"method": "GET",
						"header": [],
						"description": "esta peticion get se encarga de listar todos los cursos"
					},
					"response": []
				},
				{
					"name": "CursosId",
					"request": {
						"method": "GET",
						"header": [],
						"description": "se encarga de traer un curso segun su id"
					},
					"response": []
				},
				{
					"name": "CursosCreate",
					"event": [
						{
							"listen": "test",
							"script": {
								"exec": [
									"pm.test(\"Successful POST request\", function () {",
									"    pm.expect(pm.response.code).to.be.oneOf([200, 201]);",
									"});",
									""
								],
								"type": "text/javascript"
							}
						}
					],
					"request": {
						"method": "POST",
						"header": [],
						"body": {
							"mode": "raw",
							"raw": "{\n\t\"name\": \"Add your name in the body\"\n}",
							"options": {
								"raw": {
									"language": "json"
								}
							}
						},
						"url": "{{base_url}}/info",
						"description": "se enarga de crear un nuevo curso"
					},
					"response": []
				},
				{
					"name": "CursoUpdate",
					"event": [
						{
							"listen": "test",
							"script": {
								"exec": [
									"pm.test(\"Successful PUT request\", function () {",
									"    pm.expect(pm.response.code).to.be.oneOf([200, 201, 204]);",
									"});",
									""
								],
								"type": "text/javascript"
							}
						}
					],
					"request": {
						"method": "PUT",
						"header": [],
						"body": {
							"mode": "raw",
							"raw": "{\n\t\"name\": \"Add your name in the body\"\n}",
							"options": {
								"raw": {
									"language": "json"
								}
							}
						},
						"url": {
							"raw": "{{base_url}}/info?id=1",
							"host": [
								"{{base_url}}"
							],
							"path": [
								"info"
							],
							"query": [
								{
									"key": "id",
									"value": "1"
								}
							]
						},
						"description": "This is a PUT request and it is used to overwrite an existing piece of data. For instance, after you create an entity with a POST request, you may want to modify that later. You can do that using a PUT request. You typically identify the entity being updated by including an identifier in the URL (eg. `id=1`).\n\nA successful PUT request typically returns a `200 OK`, `201 Created`, or `204 No Content` response code."
					},
					"response": []
				},
				{
					"name": "CursoUpdate",
					"event": [
						{
							"listen": "test",
							"script": {
								"exec": [
									"pm.test(\"Successful POST request\", function () {",
									"    pm.expect(pm.response.code).to.be.oneOf([200, 201]);",
									"});",
									""
								],
								"type": "text/javascript"
							}
						}
					],
					"request": {
						"method": "POST",
						"header": [],
						"body": {
							"mode": "raw",
							"raw": "{\n\t\"name\": \"Add your name in the body\"\n}",
							"options": {
								"raw": {
									"language": "json"
								}
							}
						},
						"url": "{{base_url}}/info",
						"description": "se enarga de actualizar un curso"
					},
					"response": []
				}
			]
		},
		{
			"name": "Post data",
			"event": [
				{
					"listen": "test",
					"script": {
						"exec": [
							"pm.test(\"Successful POST request\", function () {",
							"    pm.expect(pm.response.code).to.be.oneOf([200, 201]);",
							"});",
							""
						],
						"type": "text/javascript"
					}
				}
			],
			"request": {
				"method": "POST",
				"header": [],
				"body": {
					"mode": "raw",
					"raw": "{\n\t\"name\": \"Add your name in the body\"\n}",
					"options": {
						"raw": {
							"language": "json"
						}
					}
				},
				"url": "{{base_url}}/info",
				"description": "This is a POST request, submitting data to an API via the request body. This request submits JSON data, and the data is reflected in the response.\n\nA successful POST request typically returns a `200 OK` or `201 Created` response code."
			},
			"response": []
		},
		{
			"name": "Update data",
			"event": [
				{
					"listen": "test",
					"script": {
						"exec": [
							"pm.test(\"Successful PUT request\", function () {",
							"    pm.expect(pm.response.code).to.be.oneOf([200, 201, 204]);",
							"});",
							""
						],
						"type": "text/javascript"
					}
				}
			],
			"request": {
				"method": "PUT",
				"header": [],
				"body": {
					"mode": "raw",
					"raw": "{\n\t\"name\": \"Add your name in the body\"\n}",
					"options": {
						"raw": {
							"language": "json"
						}
					}
				},
				"url": {
					"raw": "{{base_url}}/info?id=1",
					"host": [
						"{{base_url}}"
					],
					"path": [
						"info"
					],
					"query": [
						{
							"key": "id",
							"value": "1"
						}
					]
				},
				"description": "This is a PUT request and it is used to overwrite an existing piece of data. For instance, after you create an entity with a POST request, you may want to modify that later. You can do that using a PUT request. You typically identify the entity being updated by including an identifier in the URL (eg. `id=1`).\n\nA successful PUT request typically returns a `200 OK`, `201 Created`, or `204 No Content` response code."
			},
			"response": []
		},
		{
			"name": "Delete data",
			"event": [
				{
					"listen": "test",
					"script": {
						"exec": [
							"pm.test(\"Successful DELETE request\", function () {",
							"    pm.expect(pm.response.code).to.be.oneOf([200, 202, 204]);",
							"});",
							""
						],
						"type": "text/javascript"
					}
				}
			],
			"request": {
				"method": "DELETE",
				"header": [],
				"body": {
					"mode": "raw",
					"raw": "",
					"options": {
						"raw": {
							"language": "json"
						}
					}
				},
				"url": {
					"raw": "{{base_url}}/info?id=1",
					"host": [
						"{{base_url}}"
					],
					"path": [
						"info"
					],
					"query": [
						{
							"key": "id",
							"value": "1"
						}
					]
				},
				"description": "This is a DELETE request, and it is used to delete data that was previously created via a POST request. You typically identify the entity being updated by including an identifier in the URL (eg. `id=1`).\n\nA successful DELETE request typically returns a `200 OK`, `202 Accepted`, or `204 No Content` response code."
			},
			"response": []
		}
	],
	"event": [
		{
			"listen": "prerequest",
			"script": {
				"type": "text/javascript",
				"exec": [
					""
				]
			}
		},
		{
			"listen": "test",
			"script": {
				"type": "text/javascript",
				"exec": [
					""
				]
			}
		}
	],
	"variable": [
		{
			"key": "id",
			"value": "1"
		},
		{
			"key": "base_url",
			"value": "https://postman-rest-api-learner.glitch.me/"
		}
	]
}